{"type": "block", "layer": 0, "block": 1, "features": [{"geom": {"lines": [[-7134.311788264662, 4490.717157819308, 681.5145263671875, -7138.240754834609, 4578.222065362148, 683.0062255859375, -7143.595403412124, 4608.674253108911, 681.9855346679688, -7156.553214411484, 4636.74742774386, 681.6430053710938, -7170.67705903016, 4655.020963424817, 681.7742309570312, -7170.67705903016, 4655.020963424817, 681.7742309570312, -7304.551513144281, 4797.4679198004305, 686.8621215820312, -7328.45252107596, 4817.082960454747, 686.92041015625, -7356.572037131293, 4829.939896980301, 686.3125610351562, -7380.416595742572, 4834.727480808273, 685.1068115234375, -7380.416595742572, 4834.727480808273, 685.1068115234375, -7565.353594000218, 4852.655608681031, 685.7156372070312, -7595.487636813195, 4859.5788639597595, 689.6361694335938, -7607.75153850927, 4864.920591695234, 691.8945922851562, -7607.75153850927, 4864.920591695234, 691.8945922851562, -7698.783195597585, 4910.767283802852, 701.67724609375, -7698.783195597585, 4910.767283802852, 701.67724609375, -7727.959680565633, 4921.001575420611, 706.1846923828125, -7758.782662743004, 4923.441200327128, 708.2105102539062, -7789.205855572363, 4917.924195879139, 706.0856323242188, -7817.209513845621, 4904.816826832481, 699.4986572265625, -7840.934521233197, 4884.989269634709, 695.5433349609375, -7858.805813926505, 4859.757842851803, 692.2806396484375, -7860.231082160724, 4856.98009187635, 691.9983520507812, -7860.231082160724, 4856.98009187635, 691.9983520507812, -7909.933872858761, 4756.929347046651, 674.2539672851562, -7909.933872858761, 4756.929347046651, 674.2539672851562, -7927.142610566225, 4731.241775216535, 670.1435546875, -7950.343650622526, 4710.803973468952, 665.9671630859375, -7977.996688975254, 4696.972796011716, 663.5902099609375, -8008.265855898848, 4690.666486968286, 660.2660522460938, -8030.026688557584, 4690.984050895087, 656.6904907226562, -8030.026688557817, 4690.984050895087, 656.6904907226562, -8244.971697204048, 4713.7230057502165, 621.4113159179688, -8244.971697204048, 4713.7230057502165, 621.4113159179688, -8302.921135696117, 4715.835914392956, 610.4569091796875, -8360.61086954642, 4709.962549704127, 593.678955078125, -8416.945504528936, 4696.214433257468, 580.739501953125, -8470.85537660215, 4674.852609891444, 567.5023803710938, -8521.316862347303, 4646.282691080123, 552.7442016601562, -8567.371815203223, 4611.047153309919, 546.6979370117188, -8588.519229218364, 4591.084281207994, 539.5133056640625, -8588.519229218597, 4591.084281207994, 539.5133056640625, -8657.374767494388, 4521.431766386144, 542.6024780273438, -8657.374767494388, 4521.431766386144, 542.6024780273438, -8676.097965075169, 4496.8258753772825, 542.82421875, -8687.912556289928, 4468.25275103841, 543.5778198242188, -8692.034190064063, 4437.609315607697, 543.2160034179688, -8688.189237981802, 4406.929935830645, 541.7244873046875, -8686.383201802382, 4400.672915720381, 542.0197143554688, -8686.38320180308, 4400.6729157194495, 542.0197143554688, -8657.457139179809, 4309.790580064058, 540.3023681640625, -8657.457139179809, 4309.790580064058, 540.3023681640625, -8651.953571100254, 4279.365216658451, 540.0056762695312, -8654.40680743102, 4248.543574399315, 541.731201171875, -8664.653979185969, 4219.371884852648, 537.0923461914062, -8669.965411209967, 4209.924509939738, 536.411865234375, -8669.965411209967, 4209.924509939738, 536.411865234375, -8677.692258561961, 4197.5269944584, 536.1514892578125, -8677.692258561961, 4197.5269944584, 536.1514892578125, -8690.529818823095, 4169.398627166636, 534.3054809570312, -8695.754105888307, 4138.923804366961, 534.765625, -8693.01828802214, 4108.125698896125, 531.950927734375, -8682.503991626203, 4079.048945788294, 528.847900390625, -8668.864076765021, 4058.2321790577844, 526.2274169921875, -8668.864076764788, 4058.2321790577844, 526.2274169921875, -8667.019433597801, 4055.969325773418, 526.0635986328125, -8667.019433597801, 4055.969325773418, 526.0635986328125, -8650.73359828582, 4029.6869444465265, 519.2681579589844, -8641.703890616773, 4000.11573582422, 518.2581787109375, -8640.529787824256, 3969.2189158806577, 514.1695251464844, -8644.701793240849, 3946.994920803234, 509.353271484375, -8644.701793240616, 3946.994920803234, 509.353271484375, -8677.852985260775, 3831.67512612883, 481.9515686035156, -8677.852985260775, 3831.67512612883, 481.9515686035156, -8682.402269311948, 3803.9212941555306, 477.976318359375, -8682.402269311948, 3803.9212941555306, 477.976318359375, -8699.636124951532, 3421.355207913555, 488.172119140625]]}, "mtl": {"idx": 0}}, {"geom": {"lines": [[-7381.210439901799, 3557.92695945967, 643.8905029296875, -7392.454344122671, 3514.7378636961803, 654.3179321289062, -7404.034128861735, 3486.069055115804, 660.2542724609375, -7422.554816047195, 3461.3107000365853, 658.1511840820312, -7425.388648099732, 3458.492147657089, 657.8818969726562, -7425.3886480999645, 3458.492147657089, 657.8818969726562, -7498.256740213605, 3388.3919368572533, 655.6559448242188]]},